{
	"name" : "Magnet Mod",
	"preview" : "textures/preview.png",
	"version" : "1.0",
	"author" : "<b><size=20><color=blue>Random Nerd</color></size></b>",
	"description" : "Real working Magnet Blocks with push and pull",

	"simpleblocks" : [
   {
			"uuid" : "77ca8326-7f09-4610-906b-abd323626f1d",
			"name" : "Magnet block ",
			"description" : "The magnet block can push or pull. Click the block to switch modes. Power through connection to turn on or off. It works on any lose blocks (including blocks on bearings) THE BLOCK SAYS THE MODE IT IS ON.",
			"icon" : "textures/preview.png",
			"dif" : "",
			"nor" : "",
			"normScale" : 1,
			"met" : "",
			"smoothness" : 0.15,
			"mesh" : "meshes/magnet.obj",
			"scale" : 0.5,
     "script" : "scripts/magnet.lua",
     "connections" : [
        {
            "type" : "signalReceiver", 
            "color" : "#880P4F",
            "connectionsLimit" : 50,
            "relativePosition" : {"X":0, "Y":0, "Z":0}
         }
     ]
	  }
	]
}